{
  "Voca": {
    "1": {
      "mean": "만나다",
      "word": "あう"
    },
    "2": {
      "mean": "푸른",
      "word": "あおい"
    },
    "3": {
      "mean": "빨간",
      "word": "あかい"
    },
    "4": {
      "mean": "선명한",
      "word": "あかるい"
    },
    "5": {
      "mean": "가을",
      "word": "あき"
    },
    "6": {
      "mean": "열리다",
      "word": "あく"
    },
    "7": {
      "mean": "열기",
      "word": "あける"
    },
    "8": {
      "mean": "주다",
      "word": "あげる"
    },
    "9": {
      "mean": "아침",
      "word": "あさ"
    },
    "10": {
      "mean": "아침밥",
      "word": "あさごはん"
    },
    "11": {
      "mean": "모레",
      "word": "あさって"
    },
    "12": {
      "mean": "다리",
      "word": "あし"
    },
    "13": {
      "mean": "내일",
      "word": "あした"
    },
    "14": {
      "mean": "저기",
      "word": "あそこ"
    },
    "15": {
      "mean": "놀다",
      "word": "あそぶ"
    },
    "16": {
      "mean": "따뜻한",
      "word": "あたたかい"
    },
    "17": {
      "mean": "머리",
      "word": "あたま"
    },
    "18": {
      "mean": "새로운",
      "word": "あたらしい"
    },
    "19": {
      "mean": "저쪽",
      "word": "あちら"
    },
    "20": {
      "mean": "덥다",
      "word": "あつい"
    },
    "21": {
      "mean": "뜨거다",
      "word": "あつい"
    },
    "22": {
      "mean": "두꺼다",
      "word": "あつい"
    },
    "23": {
      "mean": "저기",
      "word": "あっち"
    },
    "24": {
      "mean": "나중에",
      "word": "あと"
    },
    "25": {
      "mean": "당신",
      "word": "あなた"
    },
    "26": {
      "mean": "형",
      "word": "あに"
    },
    "27": {
      "mean": "언니",
      "word": "あね"
    },
    "28": {
      "mean": "그",
      "word": "あの"
    },
    "29": {
      "mean": "음 ...",
      "word": "あの"
    },
    "30": {
      "mean": "아파트",
      "word": "アパ?ト"
    },
    "31": {
      "mean": "목욕하다",
      "word": "あびる"
    },
    "32": {
      "mean": "위험하다",
      "word": "あぶない"
    },
    "33": {
      "mean": "달콤한",
      "word": "あまい"
    },
    "34": {
      "mean": "별로",
      "word": "あまり"
    },
    "35": {
      "mean": "비",
      "word": "あめ"
    },
    "36": {
      "mean": "사탕",
      "word": "あめ"
    },
    "37": {
      "mean": "씻다",
      "word": "あらう"
    },
    "38": {
      "mean": "있다",
      "word": "ある"
    },
    "39": {
      "mean": "걷다",
      "word": "あるく"
    },
    "40": {
      "mean": "그것",
      "word": "あれ"
    },
    "41": {
      "mean": "좋은",
      "word": "いい"
    },
    "42": {
      "mean": "아니오",
      "word": "いいえ"
    },
    "43": {
      "mean": "말",
      "word": "いう"
    },
    "44": {
      "mean": "집",
      "word": "いえ"
    },
    "45": {
      "mean": "어떻게",
      "word": "いかが"
    },
    "46": {
      "mean": "가다",
      "word": "いく"
    },
    "47": {
      "mean": "몇",
      "word": "いくつ"
    },
    "48": {
      "mean": "얼마",
      "word": "いくら"
    },
    "49": {
      "mean": "연못",
      "word": "いけ"
    },
    "50": {
      "mean": "의사",
      "word": "いしゃ"
    },
    "51": {
      "mean": "의자",
      "word": "いす"
    },
    "52": {
      "mean": "바쁘다",
      "word": "いそがしい"
    },
    "53": {
      "mean": "아프다",
      "word": "いたい"
    },
    "54": {
      "mean": "일",
      "word": "いち"
    },
    "55": {
      "mean": "일일",
      "word": "いちにち"
    },
    "56": {
      "mean": "가장",
      "word": "いちばん"
    },
    "57": {
      "mean": "언제",
      "word": "いつ"
    },
    "58": {
      "mean": "5 일",
      "word": "いつか"
    },
    "59": {
      "mean": "함께",
      "word": "いっしょ"
    },
    "60": {
      "mean": "다섯",
      "word": "いつつ"
    },
    "61": {
      "mean": "항상",
      "word": "いつも"
    },
    "62": {
      "mean": "개",
      "word": "いぬ"
    },
    "63": {
      "mean": "지금",
      "word": "いま"
    },
    "64": {
      "mean": "의미",
      "word": "いみ"
    },
    "65": {
      "mean": "여동생",
      "word": "いもうと"
    },
    "66": {
      "mean": "싫음",
      "word": "いや"
    },
    "67": {
      "mean": "입구",
      "word": "いりぐち"
    },
    "68": {
      "mean": "있다",
      "word": "いる"
    },
    "69": {
      "mean": "필요하다",
      "word": "いる"
    },
    "70": {
      "mean": "넣다",
      "word": "いれる"
    },
    "71": {
      "mean": "색",
      "word": "いろ"
    },
    "72": {
      "mean": "여러가지",
      "word": "いろいろ"
    },
    "73": {
      "mean": "위",
      "word": "うえ"
    },
    "74": {
      "mean": "뒤에",
      "word": "うしろ"
    },
    "75": {
      "mean": "얇다",
      "word": "うすい"
    },
    "76": {
      "mean": "노래",
      "word": "うた"
    },
    "77": {
      "mean": "노래하다",
      "word": "うたう"
    },
    "78": {
      "mean": "태어나다",
      "word": "うまれる"
    },
    "79": {
      "mean": "바다",
      "word": "うみ"
    },
    "80": {
      "mean": "팔다",
      "word": "うる"
    },
    "81": {
      "mean": "시끄럽다",
      "word": "うるさい"
    },
    "82": {
      "mean": "겉옷",
      "word": "うわぎ"
    },
    "83": {
      "mean": "그림",
      "word": "え"
    },
    "84": {
      "mean": "영화",
      "word": "えいが"
    },
    "85": {
      "mean": "영화관",
      "word": "えいがかん"
    },
    "86": {
      "mean": "영어",
      "word": "えいご"
    },
    "87": {
      "mean": "예",
      "word": "ええ"
    },
    "88": {
      "mean": "역",
      "word": "えき"
    },
    "89": {
      "mean": "엘리베이터",
      "word": "エレベ?タ?"
    },
    "90": {
      "mean": "연필",
      "word": "えんぴつ"
    },
    "91": {
      "mean": "맛있는",
      "word": "おいしい"
    },
    "92": {
      "mean": "많은",
      "word": "おおい"
    },
    "93": {
      "mean": "큰",
      "word": "おおきい"
    },
    "94": {
      "mean": "큰",
      "word": "おおきな"
    },
    "95": {
      "mean": "대세",
      "word": "おおぜい"
    },
    "96": {
      "mean": "엄마",
      "word": "おかあさん"
    },
    "97": {
      "mean": "과자",
      "word": "おかし"
    },
    "98": {
      "mean": "돈",
      "word": "おかね"
    },
    "99": {
      "mean": "일어나다",
      "word": "おきる"
    },
    "100": {
      "mean": "두다",
      "word": "おく"
    },
    "101": {
      "mean": "부인",
      "word": "おくさん"
    },
    "102": {
      "mean": "술",
      "word": "おさけ"
    },
    "103": {
      "mean": "접시",
      "word": "おさら"
    },
    "104": {
      "mean": "할아버지",
      "word": "おじいさん"
    },
    "105": {
      "mean": "가르치다",
      "word": "おしえる"
    },
    "106": {
      "mean": "아저씨",
      "word": "おじさん"
    },
    "107": {
      "mean": "밀다",
      "word": "おす"
    },
    "108": {
      "mean": "늦다",
      "word": "おそい"
    },
    "109": {
      "mean": "차",
      "word": "おちゃ"
    },
    "110": {
      "mean": "화장실",
      "word": "おてあらい"
    },
    "111": {
      "mean": "아버지",
      "word": "おとうさん"
    },
    "112": {
      "mean": "동생",
      "word": "おとうと"
    },
    "113": {
      "mean": "남자",
      "word": "おとこ"
    },
    "114": {
      "mean": "소년",
      "word": "おとこのこ"
    },
    "115": {
      "mean": "그저께",
      "word": "おととい"
    },
    "116": {
      "mean": "지난해",
      "word": "おととし"
    },
    "117": {
      "mean": "성인",
      "word": "おとな"
    },
    "118": {
      "mean": "배",
      "word": "おなか"
    },
    "119": {
      "mean": "같은",
      "word": "おなじ"
    },
    "120": {
      "mean": "형",
      "word": "おにいさん"
    },
    "121": {
      "mean": "언니",
      "word": "おねえさん"
    },
    "122": {
      "mean": "할머니",
      "word": "おばあさん"
    },
    "123": {
      "mean": "아주머니",
      "word": "おばさん"
    },
    "124": {
      "mean": "목욕",
      "word": "おふろ"
    },
    "125": {
      "mean": "도시락",
      "word": "おべんとう"
    },
    "126": {
      "mean": "기억하다",
      "word": "おぼえる"
    },
    "127": {
      "mean": "경찰",
      "word": "おまわりさん"
    },
    "128": {
      "mean": "무거운",
      "word": "おもい"
    },
    "129": {
      "mean": "재미",
      "word": "おもしろい"
    },
    "130": {
      "mean": "수영",
      "word": "およぐ"
    },
    "131": {
      "mean": "내리다",
      "word": "おりる"
    },
    "132": {
      "mean": "끝나다",
      "word": "おわる"
    },
    "133": {
      "mean": "음악",
      "word": "おんがく"
    },
    "134": {
      "mean": "여자",
      "word": "おんな"
    },
    "135": {
      "mean": "소녀",
      "word": "おんなのこ"
    },
    "136": {
      "mean": "외국",
      "word": "がいこく"
    },
    "137": {
      "mean": "외국인",
      "word": "がいこくじん"
    },
    "138": {
      "mean": "회사",
      "word": "かいしゃ"
    },
    "139": {
      "mean": "계단",
      "word": "かいだん"
    },
    "140": {
      "mean": "쇼핑",
      "word": "かいもの"
    },
    "141": {
      "mean": "구매",
      "word": "かう"
    },
    "142": {
      "mean": "반환하다",
      "word": "かえす"
    },
    "143": {
      "mean": "돌아",
      "word": "かえる"
    },
    "144": {
      "mean": "걸리다",
      "word": "かかる"
    },
    "145": {
      "mean": "열쇠",
      "word": "かぎ"
    },
    "146": {
      "mean": "쓰기",
      "word": "かく"
    },
    "147": {
      "mean": "학생",
      "word": "がくせい"
    },
    "148": {
      "mean": "걸다",
      "word": "かける"
    },
    "149": {
      "mean": "우산",
      "word": "かさ"
    },
    "150": {
      "mean": "빌려",
      "word": "かす"
    },
    "151": {
      "mean": "바람",
      "word": "かぜ"
    },
    "152": {
      "mean": "감기",
      "word": "かぜ"
    },
    "153": {
      "mean": "가족",
      "word": "かぞく"
    },
    "154": {
      "mean": "방법",
      "word": "かた"
    },
    "155": {
      "mean": "학교",
      "word": "がっこう"
    },
    "156": {
      "mean": "컵",
      "word": "カップ"
    },
    "157": {
      "mean": "가정",
      "word": "かてい"
    },
    "158": {
      "mean": "모서리",
      "word": "かど"
    },
    "159": {
      "mean": "가방",
      "word": "かばん"
    },
    "160": {
      "mean": "꽃병",
      "word": "かびん"
    },
    "161": {
      "mean": "종이",
      "word": "かみ"
    },
    "162": {
      "mean": "카메라",
      "word": "カメラ"
    },
    "163": {
      "mean": "화요일",
      "word": "かようび"
    },
    "164": {
      "mean": "맵다",
      "word": "からい"
    },
    "165": {
      "mean": "몸",
      "word": "からだ"
    },
    "166": {
      "mean": "빌리다",
      "word": "かりる"
    },
    "167": {
      "mean": "가볍다",
      "word": "かるい"
    },
    "168": {
      "mean": "카레",
      "word": "カレ?"
    },
    "169": {
      "mean": "달력",
      "word": "カレンダ?"
    },
    "170": {
      "mean": "강",
      "word": "かわ"
    },
    "171": {
      "mean": "귀엽다",
      "word": "かわいい"
    },
    "172": {
      "mean": "한자",
      "word": "かんじ"
    },
    "173": {
      "mean": "나무",
      "word": "き"
    },
    "174": {
      "mean": "노랗다",
      "word": "きいろい"
    },
    "175": {
      "mean": "사라",
      "word": "きえる"
    },
    "176": {
      "mean": "듣다",
      "word": "きく"
    },
    "177": {
      "mean": "북",
      "word": "きた"
    },
    "178": {
      "mean": "기타",
      "word": "ギタ?"
    },
    "179": {
      "mean": "더러운",
      "word": "きたない"
    },
    "180": {
      "mean": "커피숖",
      "word": "きっさてん"
    },
    "181": {
      "mean": "우표",
      "word": "きって"
    },
    "182": {
      "mean": "티켓",
      "word": "きっぷ"
    },
    "183": {
      "mean": "어제",
      "word": "きのう"
    },
    "184": {
      "mean": "아홉",
      "word": "きゅう"
    },
    "185": {
      "mean": "쇠고기",
      "word": "ぎゅうにく"
    },
    "186": {
      "mean": "우유",
      "word": "ぎゅうにゅう"
    },
    "187": {
      "mean": "오늘",
      "word": "きょう"
    },
    "188": {
      "mean": "교실",
      "word": "きょうしつ"
    },
    "189": {
      "mean": "형제",
      "word": "きょうだい"
    },
    "190": {
      "mean": "작년",
      "word": "きょねん"
    },
    "191": {
      "mean": "싫음",
      "word": "きらい"
    },
    "192": {
      "mean": "자르다",
      "word": "きる"
    },
    "193": {
      "mean": "옷을 입다",
      "word": "きる"
    },
    "194": {
      "mean": "예쁨",
      "word": "きれい"
    },
    "195": {
      "mean": "킬로그램",
      "word": "キロ"
    },
    "196": {
      "mean": "킬로미터",
      "word": "キロ"
    },
    "197": {
      "mean": "은행",
      "word": "ぎんこう"
    },
    "198": {
      "mean": "금요일",
      "word": "きんようび"
    },
    "199": {
      "mean": "약",
      "word": "くすり"
    },
    "200": {
      "mean": "~해 주세요",
      "word": "ください"
    },
    "201": {
      "mean": "과일",
      "word": "くだもの"
    },
    "202": {
      "mean": "입",
      "word": "くち"
    },
    "203": {
      "mean": "신발",
      "word": "くつ"
    },
    "204": {
      "mean": "양말",
      "word": "くつした"
    },
    "205": {
      "mean": "국가",
      "word": "くに"
    },
    "206": {
      "mean": "흐림",
      "word": "くもり"
    },
    "207": {
      "mean": "흐리다",
      "word": "くもる"
    },
    "208": {
      "mean": "어둡다",
      "word": "くらい"
    },
    "209": {
      "mean": "클래스",
      "word": "クラス"
    },
    "210": {
      "mean": "그램",
      "word": "グラム"
    },
    "211": {
      "mean": "오다",
      "word": "くる"
    },
    "212": {
      "mean": "자동차",
      "word": "くるま"
    },
    "213": {
      "mean": "검정",
      "word": "くろ"
    },
    "214": {
      "mean": "검은",
      "word": "くろい"
    },
    "215": {
      "mean": "경찰",
      "word": "けいかん"
    },
    "216": {
      "mean": "오늘 아침",
      "word": "けさ"
    },
    "217": {
      "mean": "지우",
      "word": "けす"
    },
    "218": {
      "mean": "훌륭함",
      "word": "けっこう"
    },
    "219": {
      "mean": "결혼",
      "word": "けっこん"
    },
    "220": {
      "mean": "월요일",
      "word": "げつようび"
    },
    "221": {
      "mean": "현관",
      "word": "げんかん"
    },
    "222": {
      "mean": "건강",
      "word": "げんき"
    },
    "223": {
      "mean": "다섯",
      "word": "ご"
    },
    "224": {
      "mean": "공원",
      "word": "こうえん"
    },
    "225": {
      "mean": "교차로",
      "word": "こうさてん"
    },
    "226": {
      "mean": "차",
      "word": "こうちゃ"
    },
    "227": {
      "mean": "파출소",
      "word": "こうばん"
    },
    "228": {
      "mean": "목소리",
      "word": "こえ"
    },
    "229": {
      "mean": "코트",
      "word": "コ?ト"
    },
    "230": {
      "mean": "커피",
      "word": "コ?ヒ?"
    },
    "231": {
      "mean": "여기",
      "word": "ここ"
    },
    "232": {
      "mean": "오후",
      "word": "ごご"
    },
    "233": {
      "mean": "9일",
      "word": "ここのか"
    },
    "234": {
      "mean": "아홉",
      "word": "ここのつ"
    },
    "235": {
      "mean": "오전",
      "word": "ごぜん"
    },
    "236": {
      "mean": "대답하다",
      "word": "こたえる"
    },
    "237": {
      "mean": "이쪽",
      "word": "こちら"
    },
    "238": {
      "mean": "여기",
      "word": "こっち"
    },
    "239": {
      "mean": "컵",
      "word": "コップ"
    },
    "240": {
      "mean": "올해",
      "word": "ことし"
    },
    "241": {
      "mean": "말",
      "word": "ことば"
    },
    "242": {
      "mean": "아이",
      "word": "こども"
    },
    "243": {
      "mean": "이",
      "word": "この"
    },
    "244": {
      "mean": "밥",
      "word": "ごはん"
    },
    "245": {
      "mean": "복사",
      "word": "コピ?する"
    },
    "246": {
      "mean": "곤란하다",
      "word": "こまる"
    },
    "247": {
      "mean": "이것",
      "word": "これ"
    },
    "248": {
      "mean": "금월",
      "word": "こんげつ"
    },
    "249": {
      "mean": "이번 주",
      "word": "こんしゅう"
    },
    "250": {
      "mean": "이러한",
      "word": "こんな"
    },
    "251": {
      "mean": "오늘 밤",
      "word": "こんばん"
    },
    "252": {
      "mean": "잘…",
      "word": "さあ"
    },
    "253": {
      "mean": "지갑",
      "word": "さいふ"
    },
    "254": {
      "mean": "물고기",
      "word": "さかな"
    },
    "255": {
      "mean": "앞",
      "word": "さき"
    },
    "256": {
      "mean": "피다",
      "word": "さく"
    },
    "257": {
      "mean": "작문",
      "word": "さくぶん"
    },
    "258": {
      "mean": "가리다",
      "word": "さす"
    },
    "259": {
      "mean": "잡지",
      "word": "ざっし"
    },
    "260": {
      "mean": "설탕",
      "word": "さとう"
    },
    "261": {
      "mean": "춥다",
      "word": "さむい"
    },
    "262": {
      "mean": "다음 해",
      "word": "さらいねん"
    },
    "263": {
      "mean": "셋",
      "word": "さん"
    },
    "264": {
      "mean": "산책",
      "word": "さんぽする"
    },
    "265": {
      "mean": "넷",
      "word": "し"
    },
    "266": {
      "mean": "소금",
      "word": "しお"
    },
    "267": {
      "mean": "그러나",
      "word": "しかし"
    },
    "268": {
      "mean": "시간",
      "word": "じかん"
    },
    "269": {
      "mean": "일",
      "word": "しごと"
    },
    "270": {
      "mean": "사전",
      "word": "じしょ"
    },
    "271": {
      "mean": "조용",
      "word": "しずか"
    },
    "272": {
      "mean": "아래",
      "word": "した"
    },
    "273": {
      "mean": "칠",
      "word": "しち"
    },
    "274": {
      "mean": "질문",
      "word": "しつもん"
    },
    "275": {
      "mean": "자전거",
      "word": "じてんしゃ"
    },
    "276": {
      "mean": "자동차",
      "word": "じどうしゃ"
    },
    "277": {
      "mean": "죽다",
      "word": "しぬ"
    },
    "278": {
      "mean": "사전",
      "word": "じびき"
    },
    "279": {
      "mean": "자신",
      "word": "じぶん"
    },
    "280": {
      "mean": "꼭 닫히다",
      "word": "しまる"
    },
    "281": {
      "mean": "닫다",
      "word": "しめる"
    },
    "282": {
      "mean": "닫다",
      "word": "しめる"
    },
    "283": {
      "mean": "그럼",
      "word": "じゃ"
    },
    "284": {
      "mean": "사진",
      "word": "しゃしん"
    },
    "285": {
      "mean": "셔츠",
      "word": "シャツ"
    },
    "286": {
      "mean": "샤워",
      "word": "シャワ?"
    },
    "287": {
      "mean": "십",
      "word": "じゅう"
    },
    "288": {
      "mean": "수업",
      "word": "じゅぎょう"
    },
    "289": {
      "mean": "숙제",
      "word": "しゅくだい"
    },
    "290": {
      "mean": "잘",
      "word": "じょうず"
    },
    "291": {
      "mean": "건강함",
      "word": "じょうぶ"
    },
    "292": {
      "mean": "간장",
      "word": "しょうゆ"
    },
    "293": {
      "mean": "식당",
      "word": "しょくどう"
    },
    "294": {
      "mean": "알",
      "word": "しる"
    },
    "295": {
      "mean": "하얀",
      "word": "しろい"
    },
    "296": {
      "mean": "신문",
      "word": "しんぶん"
    },
    "297": {
      "mean": "수요일",
      "word": "すいようび"
    },
    "298": {
      "mean": "들이마시다",
      "word": "すう"
    },
    "299": {
      "mean": "스커트",
      "word": "スカ?ト"
    },
    "300": {
      "mean": "좋아함",
      "word": "すき"
    },
    "301": {
      "mean": "적다",
      "word": "すくない"
    },
    "302": {
      "mean": "즉시",
      "word": "すぐに"
    },
    "303": {
      "mean": "조금",
      "word": "すこし"
    },
    "304": {
      "mean": "차가운",
      "word": "すずしい"
    },
    "305": {
      "mean": "스토브",
      "word": "スト?ブ"
    },
    "306": {
      "mean": "숟가락",
      "word": "スプ?ン"
    },
    "307": {
      "mean": "스포츠",
      "word": "スポ?ツ"
    },
    "308": {
      "mean": "바지",
      "word": "ズボン"
    },
    "309": {
      "mean": "살다",
      "word": "すむ"
    },
    "310": {
      "mean": "슬리퍼",
      "word": "スリッパ"
    },
    "311": {
      "mean": "하다",
      "word": "する"
    },
    "312": {
      "mean": "앉다",
      "word": "すわる"
    },
    "313": {
      "mean": "키",
      "word": "せ"
    },
    "314": {
      "mean": "학생",
      "word": "せいと"
    },
    "315": {
      "mean": "스웨터",
      "word": "セ?タ?"
    },
    "316": {
      "mean": "경제",
      "word": "せっけん"
    },
    "317": {
      "mean": "정장",
      "word": "せびろ"
    },
    "318": {
      "mean": "좁다",
      "word": "せまい"
    },
    "319": {
      "mean": "제로",
      "word": "ゼロ"
    },
    "320": {
      "mean": "천",
      "word": "せん"
    },
    "321": {
      "mean": "지난 달",
      "word": "せんげつ"
    },
    "322": {
      "mean": "지난",
      "word": "せんしゅう"
    },
    "323": {
      "mean": "선생님",
      "word": "せんせい"
    },
    "324": {
      "mean": "세탁",
      "word": "せんたく"
    },
    "325": {
      "mean": "전체",
      "word": "ぜんぶ"
    },
    "326": {
      "mean": "청소하다",
      "word": "そうじする"
    },
    "327": {
      "mean": "그리고",
      "word": "そうして"
    },
    "328": {
      "mean": "거기",
      "word": "そこ"
    },
    "329": {
      "mean": "그 쪽",
      "word": "そちら"
    },
    "330": {
      "mean": "그쪽",
      "word": "そっち"
    },
    "331": {
      "mean": "외부",
      "word": "そと"
    },
    "332": {
      "mean": "그",
      "word": "その"
    },
    "333": {
      "mean": "옆",
      "word": "そば"
    },
    "334": {
      "mean": "하늘",
      "word": "そら"
    },
    "335": {
      "mean": "그것",
      "word": "それ"
    },
    "336": {
      "mean": "그 다음에",
      "word": "それから"
    },
    "337": {
      "mean": "그러면",
      "word": "それでは"
    },
    "338": {
      "mean": "대학",
      "word": "だいがく"
    },
    "339": {
      "mean": "대사관",
      "word": "たいしかん"
    },
    "340": {
      "mean": "괜찮아",
      "word": "だいじょうぶ"
    },
    "341": {
      "mean": "매우 좋음",
      "word": "だいすき"
    },
    "342": {
      "mean": "중요",
      "word": "たいせつ"
    },
    "343": {
      "mean": "부엌",
      "word": "だいどころ"
    },
    "344": {
      "mean": "몹시",
      "word": "たいへん"
    },
    "345": {
      "mean": "큰일",
      "word": "たいへん"
    },
    "346": {
      "mean": "높다",
      "word": "たかい"
    },
    "347": {
      "mean": "많음",
      "word": "たくさん"
    },
    "348": {
      "mean": "택시",
      "word": "タクシ?"
    },
    "349": {
      "mean": "내다",
      "word": "だす"
    },
    "350": {
      "mean": "일어서다",
      "word": "たつ"
    },
    "351": {
      "mean": "세로",
      "word": "たて"
    },
    "352": {
      "mean": "건물",
      "word": "たてもの"
    },
    "353": {
      "mean": "재미",
      "word": "たのしい"
    },
    "354": {
      "mean": "부탁하다",
      "word": "たのむ"
    },
    "355": {
      "mean": "담배",
      "word": "たばこ"
    },
    "356": {
      "mean": "아마",
      "word": "たぶん"
    },
    "357": {
      "mean": "음식",
      "word": "たべもの"
    },
    "358": {
      "mean": "먹다",
      "word": "たべる"
    },
    "359": {
      "mean": "계란",
      "word": "たまご"
    },
    "360": {
      "mean": "누구",
      "word": "だれ"
    },
    "361": {
      "mean": "누군가",
      "word": "だれか"
    },
    "362": {
      "mean": "생일",
      "word": "たんじょうび"
    },
    "363": {
      "mean": "차차",
      "word": "だんだん"
    },
    "364": {
      "mean": "작은",
      "word": "ちいさい"
    },
    "365": {
      "mean": "작은",
      "word": "ちいさな"
    },
    "366": {
      "mean": "가깝다",
      "word": "ちかい"
    },
    "367": {
      "mean": "다른",
      "word": "ちがう"
    },
    "368": {
      "mean": "근처",
      "word": "ちかく"
    },
    "369": {
      "mean": "지하철",
      "word": "ちかてつ"
    },
    "370": {
      "mean": "지도",
      "word": "ちず"
    },
    "371": {
      "mean": "갈색",
      "word": "ちゃいろ"
    },
    "372": {
      "mean": "그릇",
      "word": "ちゃわん"
    },
    "373": {
      "mean": "꼭",
      "word": "ちょうど"
    },
    "374": {
      "mean": "조금",
      "word": "ちょっと"
    },
    "375": {
      "mean": "초하루",
      "word": "ついたち"
    },
    "376": {
      "mean": "쓰다",
      "word": "つかう"
    },
    "377": {
      "mean": "피곤",
      "word": "つかれる"
    },
    "378": {
      "mean": "다음",
      "word": "つぎ"
    },
    "379": {
      "mean": "도착",
      "word": "つく"
    },
    "380": {
      "mean": "책상",
      "word": "つくえ"
    },
    "381": {
      "mean": "만들다",
      "word": "つくる"
    },
    "382": {
      "mean": "붙이다",
      "word": "つける"
    },
    "383": {
      "mean": "근무하다",
      "word": "つとめる"
    },
    "384": {
      "mean": "시시하다",
      "word": "つまらない"
    },
    "385": {
      "mean": "차갑다",
      "word": "つめたい"
    },
    "386": {
      "mean": "강한",
      "word": "つよい"
    },
    "387": {
      "mean": "손",
      "word": "て"
    },
    "388": {
      "mean": "테이프",
      "word": "テ?プ"
    },
    "389": {
      "mean": "테이블",
      "word": "テ?ブル"
    },
    "390": {
      "mean": "테이프 레코더",
      "word": "テ?プレコ?ダ?"
    },
    "391": {
      "mean": "외출",
      "word": "でかける"
    },
    "392": {
      "mean": "편지",
      "word": "てがみ"
    },
    "393": {
      "mean": "할 수 있다",
      "word": "できる"
    },
    "394": {
      "mean": "출구",
      "word": "でぐち"
    },
    "395": {
      "mean": "테스트",
      "word": "テスト"
    },
    "396": {
      "mean": "그러면",
      "word": "では"
    },
    "397": {
      "mean": "백화점",
      "word": "デパ?ト"
    },
    "398": {
      "mean": "그러나",
      "word": "でも"
    },
    "399": {
      "mean": "나가다",
      "word": "でる"
    },
    "400": {
      "mean": "텔레비전",
      "word": "テレビ"
    },
    "401": {
      "mean": "날씨",
      "word": "てんき"
    },
    "402": {
      "mean": "전기",
      "word": "でんき"
    },
    "403": {
      "mean": "전차",
      "word": "でんしゃ"
    },
    "404": {
      "mean": "전화",
      "word": "でんわ"
    },
    "405": {
      "mean": "문",
      "word": "と"
    },
    "406": {
      "mean": "문",
      "word": "ドア"
    },
    "407": {
      "mean": "화장실",
      "word": "トイレ"
    },
    "408": {
      "mean": "어떻게",
      "word": "どう"
    },
    "409": {
      "mean": "어떻게",
      "word": "どうして"
    },
    "410": {
      "mean": "아무쪼록",
      "word": "どうぞ"
    },
    "411": {
      "mean": "동물",
      "word": "どうぶつ"
    },
    "412": {
      "mean": "감사합니다",
      "word": "どうも"
    },
    "413": {
      "mean": "멀다",
      "word": "とおい"
    },
    "414": {
      "mean": "열흘",
      "word": "とおか"
    },
    "415": {
      "mean": "때때로",
      "word": "ときどき"
    },
    "416": {
      "mean": "시계",
      "word": "とけい"
    },
    "417": {
      "mean": "어디",
      "word": "どこ"
    },
    "418": {
      "mean": "곳",
      "word": "ところ"
    },
    "419": {
      "mean": "년",
      "word": "とし"
    },
    "420": {
      "mean": "도서관",
      "word": "としょかん"
    },
    "421": {
      "mean": "어느 쪽",
      "word": "どちら"
    },
    "422": {
      "mean": "어느 쪽",
      "word": "どっち"
    },
    "423": {
      "mean": "아무리 해도",
      "word": "とても"
    },
    "424": {
      "mean": "누구",
      "word": "どなた"
    },
    "425": {
      "mean": "이웃",
      "word": "となり"
    },
    "426": {
      "mean": "어느",
      "word": "どの"
    },
    "427": {
      "mean": "날다",
      "word": "とぶ"
    },
    "428": {
      "mean": "멈추다",
      "word": "とまる"
    },
    "429": {
      "mean": "친구",
      "word": "ともだち"
    },
    "430": {
      "mean": "토요일",
      "word": "どようび"
    },
    "431": {
      "mean": "새",
      "word": "とり"
    },
    "432": {
      "mean": "닭고기",
      "word": "とりにく"
    },
    "433": {
      "mean": "가지고",
      "word": "とる"
    },
    "434": {
      "mean": "찍다",
      "word": "とる"
    },
    "435": {
      "mean": "어느",
      "word": "どれ"
    },
    "436": {
      "mean": "칼",
      "word": "ナイフ"
    },
    "437": {
      "mean": "가운데",
      "word": "なか"
    },
    "438": {
      "mean": "긴",
      "word": "ながい"
    },
    "439": {
      "mean": "울다",
      "word": "なく"
    },
    "440": {
      "mean": "없애다",
      "word": "なくす"
    },
    "441": {
      "mean": "왜",
      "word": "なぜ"
    },
    "442": {
      "mean": "여름",
      "word": "なつ"
    },
    "443": {
      "mean": "여름 방학",
      "word": "なつやすみ"
    },
    "444": {
      "mean": "등",
      "word": "など"
    },
    "445": {
      "mean": "일곱",
      "word": "ななつ"
    },
    "446": {
      "mean": "일곱째 날",
      "word": "なのか"
    },
    "447": {
      "mean": "이름",
      "word": "なまえ"
    },
    "448": {
      "mean": "배우",
      "word": "ならう"
    },
    "449": {
      "mean": "늘어선",
      "word": "ならぶ"
    },
    "450": {
      "mean": "나란히",
      "word": "ならべる"
    },
    "451": {
      "mean": "되다",
      "word": "なる"
    },
    "452": {
      "mean": "무엇",
      "word": "なん"
    },
    "453": {
      "mean": "둘",
      "word": "に"
    },
    "454": {
      "mean": "분주",
      "word": "にぎやか"
    },
    "455": {
      "mean": "고기",
      "word": "にく"
    },
    "456": {
      "mean": "서쪽",
      "word": "にし"
    },
    "457": {
      "mean": "일요일",
      "word": "にちようび"
    },
    "458": {
      "mean": "짐",
      "word": "にもつ"
    },
    "459": {
      "mean": "뉴스",
      "word": "ニュ?ス"
    },
    "460": {
      "mean": "정원",
      "word": "にわ"
    },
    "461": {
      "mean": "옷을 벗다",
      "word": "ぬぐ"
    },
    "462": {
      "mean": "미지근한",
      "word": "ぬるい"
    },
    "463": {
      "mean": "넥타이",
      "word": "ネクタイ"
    },
    "464": {
      "mean": "고양이",
      "word": "ねこ"
    },
    "465": {
      "mean": "자다",
      "word": "ねる"
    },
    "466": {
      "mean": "노트",
      "word": "ノ?ト"
    },
    "467": {
      "mean": "등반",
      "word": "のぼる"
    },
    "468": {
      "mean": "음료",
      "word": "のみもの"
    },
    "469": {
      "mean": "마시다",
      "word": "のむ"
    },
    "470": {
      "mean": "타다",
      "word": "のる"
    },
    "471": {
      "mean": "치아",
      "word": "は"
    },
    "472": {
      "mean": "파티",
      "word": "パ?ティ?"
    },
    "473": {
      "mean": "예",
      "word": "はい"
    },
    "474": {
      "mean": "재떨이",
      "word": "はいざら"
    },
    "475": {
      "mean": "들어가다",
      "word": "はいる"
    },
    "476": {
      "mean": "엽서",
      "word": "はがき"
    },
    "477": {
      "mean": "입다",
      "word": "はく"
    },
    "478": {
      "mean": "상자",
      "word": "はこ"
    },
    "479": {
      "mean": "다리",
      "word": "はし"
    },
    "480": {
      "mean": "젓가락",
      "word": "はし"
    },
    "481": {
      "mean": "시작",
      "word": "はじまる"
    },
    "482": {
      "mean": "처음",
      "word": "はじめ"
    },
    "483": {
      "mean": "처음",
      "word": "はじめて"
    },
    "484": {
      "mean": "달리다",
      "word": "はしる"
    },
    "485": {
      "mean": "버스",
      "word": "バス"
    },
    "486": {
      "mean": "버터",
      "word": "バタ?"
    },
    "487": {
      "mean": "스무 살",
      "word": "はたち"
    },
    "488": {
      "mean": "일하다",
      "word": "はたらく"
    },
    "489": {
      "mean": "여덟",
      "word": "はち"
    },
    "490": {
      "mean": "20일",
      "word": "はつか"
    },
    "491": {
      "mean": "꽃",
      "word": "はな"
    },
    "492": {
      "mean": "코",
      "word": "はな"
    },
    "493": {
      "mean": "이야기",
      "word": "はなし"
    },
    "494": {
      "mean": "이야기하다",
      "word": "はなす"
    },
    "495": {
      "mean": "이르다",
      "word": "はやい"
    },
    "496": {
      "mean": "빠르다",
      "word": "はやい"
    },
    "497": {
      "mean": "봄",
      "word": "はる"
    },
    "498": {
      "mean": "붙이다",
      "word": "はる"
    },
    "499": {
      "mean": "맑음",
      "word": "はれ"
    },
    "500": {
      "mean": "맑은",
      "word": "はれる"
    },
    "501": {
      "mean": "반",
      "word": "はん"
    },
    "502": {
      "mean": "저녁",
      "word": "ばん"
    },
    "503": {
      "mean": "빵",
      "word": "パン"
    },
    "504": {
      "mean": "손수건",
      "word": "ハンカチ"
    },
    "505": {
      "mean": "번호",
      "word": "ばんごう"
    },
    "506": {
      "mean": "저녁 식사",
      "word": "ばんごはん"
    },
    "507": {
      "mean": "반",
      "word": "はんぶん"
    },
    "508": {
      "mean": "동쪽",
      "word": "ひがし"
    },
    "509": {
      "mean": "끌다",
      "word": "ひく"
    },
    "510": {
      "mean": "연주하다",
      "word": "ひく"
    },
    "511": {
      "mean": "낮다",
      "word": "ひくい"
    },
    "512": {
      "mean": "비행기",
      "word": "ひこうき"
    },
    "513": {
      "mean": "왼쪽",
      "word": "ひだり"
    },
    "514": {
      "mean": "사람",
      "word": "ひと"
    },
    "515": {
      "mean": "하나",
      "word": "ひとつ"
    },
    "516": {
      "mean": "한달",
      "word": "ひとつき"
    },
    "517": {
      "mean": "한 사람",
      "word": "ひとり"
    },
    "518": {
      "mean": "자유 시간",
      "word": "ひま"
    },
    "519": {
      "mean": "백",
      "word": "ひゃく"
    },
    "520": {
      "mean": "병원",
      "word": "びょういん"
    },
    "521": {
      "mean": "질병",
      "word": "びょうき"
    },
    "522": {
      "mean": "낮",
      "word": "ひる"
    },
    "523": {
      "mean": "점심",
      "word": "ひるごはん"
    },
    "524": {
      "mean": "넓은",
      "word": "ひろい"
    },
    "525": {
      "mean": "필름",
      "word": "フィルム"
    },
    "526": {
      "mean": "봉투",
      "word": "ふうとう"
    },
    "527": {
      "mean": "수영장",
      "word": "プ?ル"
    },
    "528": {
      "mean": "포크",
      "word": "フォ?ク"
    },
    "529": {
      "mean": "불다",
      "word": "ふく"
    },
    "530": {
      "mean": "옷",
      "word": "ふく"
    },
    "531": {
      "mean": "둘",
      "word": "ふたつ"
    },
    "532": {
      "mean": "돼지 고기",
      "word": "ぶたにく"
    },
    "533": {
      "mean": "두 사람",
      "word": "ふたり"
    },
    "534": {
      "mean": "이틀",
      "word": "ふつか"
    },
    "535": {
      "mean": "굵다",
      "word": "ふとい"
    },
    "536": {
      "mean": "겨울",
      "word": "ふゆ"
    },
    "537": {
      "mean": "내리다",
      "word": "ふる"
    },
    "538": {
      "mean": "오래되다",
      "word": "ふるい"
    },
    "539": {
      "mean": "욕조",
      "word": "ふろ"
    },
    "540": {
      "mean": "문장",
      "word": "ぶんしょう"
    },
    "541": {
      "mean": "페이지",
      "word": "ペ?ジ"
    },
    "542": {
      "mean": "어설픔",
      "word": "へた"
    },
    "543": {
      "mean": "침대",
      "word": "ベッド"
    },
    "544": {
      "mean": "애완 동물",
      "word": "ペット"
    },
    "545": {
      "mean": "방",
      "word": "へや"
    },
    "546": {
      "mean": "지역",
      "word": "へん"
    },
    "547": {
      "mean": "펜",
      "word": "ペン"
    },
    "548": {
      "mean": "공부",
      "word": "べんきょうする"
    },
    "549": {
      "mean": "편리",
      "word": "べんり"
    },
    "550": {
      "mean": "모자",
      "word": "ぼうし"
    },
    "551": {
      "mean": "볼펜",
      "word": "ボ?ルペン"
    },
    "552": {
      "mean": "다른 것",
      "word": "ほか"
    },
    "553": {
      "mean": "포켓",
      "word": "ポケット"
    },
    "554": {
      "mean": "바라다",
      "word": "ほしい"
    },
    "555": {
      "mean": "우편",
      "word": "ポスト"
    },
    "556": {
      "mean": "얇은",
      "word": "ほそい"
    },
    "557": {
      "mean": "버튼",
      "word": "ボタン"
    },
    "558": {
      "mean": "호텔",
      "word": "ホテル"
    },
    "559": {
      "mean": "책",
      "word": "ほん"
    },
    "560": {
      "mean": "책장",
      "word": "ほんだな"
    },
    "561": {
      "mean": "진실",
      "word": "ほんとう"
    },
    "562": {
      "mean": "매일 아침",
      "word": "まいあさ"
    },
    "563": {
      "mean": "매월",
      "word": "まいげつ"
    },
    "564": {
      "mean": "매주",
      "word": "まいしゅう"
    },
    "565": {
      "mean": "매일",
      "word": "まいにち"
    },
    "566": {
      "mean": "매년",
      "word": "まいねん"
    },
    "567": {
      "mean": "매일 밤",
      "word": "まいばん"
    },
    "568": {
      "mean": "전",
      "word": "まえ"
    },
    "569": {
      "mean": "구부리",
      "word": "まがる"
    },
    "570": {
      "mean": "맛이 없다",
      "word": "まずい"
    },
    "571": {
      "mean": "다른 때",
      "word": "また"
    },
    "572": {
      "mean": "아직",
      "word": "まだ"
    },
    "573": {
      "mean": "마을",
      "word": "まち"
    },
    "574": {
      "mean": "기다리다",
      "word": "まつ"
    },
    "575": {
      "mean": "똑바로",
      "word": "まっすぐ"
    },
    "576": {
      "mean": "경기",
      "word": "マッチ"
    },
    "577": {
      "mean": "창문",
      "word": "まど"
    },
    "578": {
      "mean": "둥글다",
      "word": "まるい"
    },
    "579": {
      "mean": "만",
      "word": "まん"
    },
    "580": {
      "mean": "만년필",
      "word": "まんねんひつ"
    },
    "581": {
      "mean": "연마",
      "word": "みがく"
    },
    "582": {
      "mean": "오른쪽",
      "word": "みぎ"
    },
    "583": {
      "mean": "짧다",
      "word": "みじかい"
    },
    "584": {
      "mean": "물",
      "word": "みず"
    },
    "585": {
      "mean": "가게",
      "word": "みせ"
    },
    "586": {
      "mean": "보이다",
      "word": "みせる"
    },
    "587": {
      "mean": "길",
      "word": "みち"
    },
    "588": {
      "mean": "삼일",
      "word": "みっか"
    },
    "589": {
      "mean": "세",
      "word": "みっつ"
    },
    "590": {
      "mean": "녹색",
      "word": "みどり"
    },
    "591": {
      "mean": "여러분",
      "word": "みなさん"
    },
    "592": {
      "mean": "남",
      "word": "みなみ"
    },
    "593": {
      "mean": "귀",
      "word": "みみ"
    },
    "594": {
      "mean": "보다",
      "word": "みる"
    },
    "595": {
      "mean": "모두",
      "word": "みんな"
    },
    "596": {
      "mean": "6일",
      "word": "むいか"
    },
    "597": {
      "mean": "저쪽",
      "word": "むこう"
    },
    "598": {
      "mean": "어렵다",
      "word": "むずかしい"
    },
    "599": {
      "mean": "여섯",
      "word": "むっつ"
    },
    "600": {
      "mean": "마을",
      "word": "むら"
    },
    "601": {
      "mean": "눈",
      "word": "め"
    },
    "602": {
      "mean": "미터",
      "word": "メ?トル"
    },
    "603": {
      "mean": "안경",
      "word": "めがね"
    },
    "604": {
      "mean": "벌써",
      "word": "もう"
    },
    "605": {
      "mean": "다시",
      "word": "もういちど"
    },
    "606": {
      "mean": "목요일",
      "word": "もくようび"
    },
    "607": {
      "mean": "쥐다",
      "word": "もつ"
    },
    "608": {
      "mean": "더",
      "word": "もっと"
    },
    "609": {
      "mean": "물건",
      "word": "もの"
    },
    "610": {
      "mean": "문",
      "word": "もん"
    },
    "611": {
      "mean": "문제",
      "word": "もんだい"
    },
    "612": {
      "mean": "청과물",
      "word": "やおや"
    },
    "613": {
      "mean": "야채",
      "word": "やさい"
    },
    "614": {
      "mean": "쉽다",
      "word": "やさしい"
    },
    "615": {
      "mean": "싸다",
      "word": "やすい"
    },
    "616": {
      "mean": "휴가",
      "word": "やすみ"
    },
    "617": {
      "mean": "쉬다",
      "word": "やすむ"
    },
    "618": {
      "mean": "여덟",
      "word": "やっつ"
    },
    "619": {
      "mean": "산",
      "word": "やま"
    },
    "620": {
      "mean": "하다",
      "word": "やる"
    },
    "621": {
      "mean": "저녁",
      "word": "ゆうがた"
    },
    "622": {
      "mean": "저녁밥",
      "word": "ゆうはん"
    },
    "623": {
      "mean": "우체국",
      "word": "ゆうびんきょく"
    },
    "624": {
      "mean": "지난 밤",
      "word": "ゆうべ"
    },
    "625": {
      "mean": "유명",
      "word": "ゆうめい"
    },
    "626": {
      "mean": "눈",
      "word": "ゆき"
    },
    "627": {
      "mean": "가다",
      "word": "ゆく"
    },
    "628": {
      "mean": "천천히",
      "word": "ゆっくりと"
    },
    "629": {
      "mean": "8일",
      "word": "ようか"
    },
    "630": {
      "mean": "옷",
      "word": "ようふく"
    },
    "631": {
      "mean": "잘",
      "word": "よく"
    },
    "632": {
      "mean": "옆",
      "word": "よこ"
    },
    "633": {
      "mean": "4일",
      "word": "よっか"
    },
    "634": {
      "mean": "넷",
      "word": "よっつ"
    },
    "635": {
      "mean": "부르다",
      "word": "よぶ"
    },
    "636": {
      "mean": "읽다",
      "word": "よむ"
    },
    "637": {
      "mean": "밤",
      "word": "よる"
    },
    "638": {
      "mean": "약한",
      "word": "よわい"
    },
    "639": {
      "mean": "다음달",
      "word": "らいげつ"
    },
    "640": {
      "mean": "다음주",
      "word": "らいしゅう"
    },
    "641": {
      "mean": "내년",
      "word": "らいねん"
    },
    "642": {
      "mean": "라디오",
      "word": "ラジオ"
    },
    "643": {
      "mean": "카세트",
      "word": "ラジカセ"
    },
    "644": {
      "mean": "훌륭함",
      "word": "りっぱ"
    },
    "645": {
      "mean": "유학생",
      "word": "りゅうがくせい"
    },
    "646": {
      "mean": "부모",
      "word": "りょうしん"
    },
    "647": {
      "mean": "요리",
      "word": "りょうり"
    },
    "648": {
      "mean": "여행",
      "word": "りょこう"
    },
    "649": {
      "mean": "영",
      "word": "れい"
    },
    "650": {
      "mean": "냉장고",
      "word": "れいぞうこ"
    },
    "651": {
      "mean": "기록",
      "word": "レコ?ド"
    },
    "652": {
      "mean": "레스토랑",
      "word": "レストラン"
    },
    "653": {
      "mean": "연습",
      "word": "れんしゅうする"
    },
    "654": {
      "mean": "복도",
      "word": "ろうか"
    },
    "655": {
      "mean": "육",
      "word": "ろく"
    },
    "656": {
      "mean": "셔츠",
      "word": "ワイシャツ"
    },
    "657": {
      "mean": "젊은",
      "word": "わかい"
    },
    "658": {
      "mean": "알다",
      "word": "わかる"
    },
    "659": {
      "mean": "잊어 버리다",
      "word": "わすれる"
    },
    "660": {
      "mean": "나",
      "word": "わたくし"
    },
    "661": {
      "mean": "나",
      "word": "わたし"
    },
    "662": {
      "mean": "건네주다",
      "word": "わたす"
    },
    "663": {
      "mean": "건너다",
      "word": "わたる"
    },
    "664": {
      "mean": "나쁘다",
      "word": "わるい"
    },
    "No": 5
  }
}